<?xml version="1.0" encoding="UTF-8"?>
<beans xmlns="http://www.springframework.org/schema/beans"
	xmlns:xsi="http://www.w3.org/2001/XMLSchema-instance" 
	xmlns:p="http://www.springframework.org/schema/p"
	xmlns:context="http://www.springframework.org/schema/context"
	xmlns:mvc="http://www.springframework.org/schema/mvc"
	xsi:schemaLocation="http://www.springframework.org/schema/beans   
						http://www.springframework.org/schema/beans/spring-beans-3.0.xsd         
						http://www.springframework.org/schema/context         
						http://www.springframework.org/schema/context/spring-context-3.0.xsd
						http://www.springframework.org/schema/mvc         
						http://www.springframework.org/schema/mvc/spring-mvc-3.0.xsd
						">
	<context:annotation-config />
	<context:component-scan base-package="kr.co.androider.spring3" />
	
	<mvc:annotation-driven validator="validator" />
 	<!-- validation -->
    <bean id="validator" class="org.springframework.validation.beanvalidation.LocalValidatorFactoryBean" />
 
	<bean id="viewResolver"
		class="org.springframework.web.servlet.view.UrlBasedViewResolver">
		<property name="viewClass"
			value="org.springframework.web.servlet.view.JstlView" />
		<property name="prefix" value="/WEB-INF/views/" />
		<property name="suffix" value=".jsp" />
	</bean>

</beans> 
