<?xml version="1.0" encoding="UTF-8"?>
<!--
 Application context definition for Project on JDBC.
-->
<beans xmlns="http://www.springframework.org/schema/beans" xmlns:xsi="http://www.w3.org/2001/XMLSchema-instance"
  xmlns:aop="http://www.springframework.org/schema/aop" xmlns:p="http://www.springframework.org/schema/p"
  xmlns:context="http://www.springframework.org/schema/context" xmlns:tx="http://www.springframework.org/schema/tx"
  xsi:schemaLocation="
   http://www.springframework.org/schema/aop http://www.springframework.org/schema/aop/spring-aop.xsd
   http://www.springframework.org/schema/beans http://www.springframework.org/schema/beans/spring-beans.xsd
   http://www.springframework.org/schema/context http://www.springframework.org/schema/context/spring-context.xsd
   http://www.springframework.org/schema/tx http://www.springframework.org/schema/tx/spring-tx.xsd">

 <!-- ========================= JDBC RESOURCE DEFINITIONS ========================= -->
 <bean id="propertyConfigurer"
  class="org.springframework.beans.factory.config.PropertyPlaceholderConfigurer">
  <property name="locations">
   <list>
    <value>/WEB-INF/spring/properties/jdbc.properties</value>
   </list>
  </property>
 </bean>
 
 
 <bean id="dataSource" class="org.apache.commons.dbcp.BasicDataSource"
  destroy-method="close">
  <property name="driverClassName" value="${jdbc.driverClassName}" />
  <property name="url" value="${jdbc.url}" />
  <property name="username" value="${jdbc.username}" />
  <property name="password" value="${jdbc.password}" />
 </bean>


 <bean id="sqlMapClient" class="org.springframework.orm.ibatis.SqlMapClientFactoryBean">
  <property name="configLocation" value="/WEB-INF/spring/sqlmap-context.xml" />
  <property name="dataSource" ref="dataSource" />
 </bean>

</beans>